{"М": 0.12466999999999989, "Е": 0.09452999999999998, "У": 0.07809000000000002, "4": 0.07261000000000004, ">": 0.06576000000000005, "Д": 0.06439000000000006, "И": 0.061650000000000066, "Й": 0.04932000000000004, "О": 0.043840000000000025, "Р": 0.04110000000000002, "t": 0.04110000000000002, "1": 0.031509999999999996, "r": 0.027399999999999997, "Л": 0.026029999999999998, "Х": 0.026029999999999998, "2": 0.024659999999999998, " ": 0.01918, "8": 0.01918, "А": 0.013699999999999999, "Ч": 0.01096, "<": 0.00959, "Щ": 0.00959, "Ф": 0.006849999999999999, "Ъ": 0.006849999999999999, "К": 0.006849999999999999, "7": 0.00548, "П": 0.00548, "Ш": 0.00548, "-": 0.00274, "5": 0.00274, "Ь": 0.00274, "Ы": 0.00137}
